respuesta_id,forma,avenida,calidad_percibida,saturacion_percibida
0,1,NIÑOS HEROES,3.0,3.0
0,1,MÉXICO,3.0,3.0
0,1,RUBEN DARIO,3.0,2.0
0,1,GUADALUPE,4.0,4.0
0,1,PATRIA,4.0,4.0
0,1,PABLO NERUDA,3.0,2.0
0,1,FEDERALISMO,3.0,4.0
0,1,LOPEZ MATEOS,5.0,4.0
0,1,JUAREZ,3.0,3.0
0,1,AMERICAS,3.0,4.0
0,1,TERRANOVA,3.0,3.0
0,1,VALLARTA,5.0,4.0
0,1,ACUEDUCTO,4.0,4.0
0,1,CHAPULTEPEC,4.0,5.0
0,1,MARIANO OTERO,4.0,4.0
1,1,NIÑOS HEROES,,
1,1,MÉXICO,,
1,1,RUBEN DARIO,,
1,1,GUADALUPE,4.0,3.0
1,1,PATRIA,5.0,4.0
1,1,PABLO NERUDA,,
1,1,FEDERALISMO,,
1,1,LOPEZ MATEOS,3.0,3.0
1,1,JUAREZ,,
1,1,AMERICAS,4.0,5.0
1,1,TERRANOVA,,
1,1,VALLARTA,4.0,3.0
1,1,ACUEDUCTO,4.0,4.0
1,1,CHAPULTEPEC,3.0,4.0
1,1,MARIANO OTERO,4.0,3.0
2,1,NIÑOS HEROES,4.0,4.0
2,1,MÉXICO,4.0,3.0
2,1,RUBEN DARIO,4.0,4.0
2,1,GUADALUPE,4.0,4.0
2,1,PATRIA,5.0,3.0
2,1,PABLO NERUDA,4.0,4.0
2,1,FEDERALISMO,4.0,4.0
2,1,LOPEZ MATEOS,3.0,3.0
2,1,JUAREZ,4.0,4.0
2,1,AMERICAS,4.0,4.0
2,1,TERRANOVA,4.0,4.0
2,1,VALLARTA,4.0,4.0
2,1,ACUEDUCTO,4.0,4.0
2,1,CHAPULTEPEC,5.0,4.0
2,1,MARIANO OTERO,4.0,3.0
3,1,NIÑOS HEROES,3.0,3.0
3,1,MÉXICO,,
3,1,RUBEN DARIO,,
3,1,GUADALUPE,4.0,4.0
3,1,PATRIA,4.0,3.0
3,1,PABLO NERUDA,,
3,1,FEDERALISMO,5.0,5.0
3,1,LOPEZ MATEOS,5.0,5.0
3,1,JUAREZ,3.0,4.0
3,1,AMERICAS,3.0,3.0
3,1,TERRANOVA,,
3,1,VALLARTA,4.0,4.0
3,1,ACUEDUCTO,3.0,3.0
3,1,CHAPULTEPEC,4.0,5.0
3,1,MARIANO OTERO,5.0,5.0
4,1,NIÑOS HEROES,3.0,3.0
4,1,MÉXICO,4.0,3.0
4,1,RUBEN DARIO,3.0,3.0
4,1,GUADALUPE,4.0,4.0
4,1,PATRIA,4.0,4.0
4,1,PABLO NERUDA,4.0,4.0
4,1,FEDERALISMO,3.0,3.0
4,1,LOPEZ MATEOS,4.0,4.0
4,1,JUAREZ,3.0,4.0
4,1,AMERICAS,3.0,4.0
4,1,TERRANOVA,4.0,3.0
4,1,VALLARTA,5.0,3.0
4,1,ACUEDUCTO,4.0,3.0
4,1,CHAPULTEPEC,3.0,4.0
4,1,MARIANO OTERO,4.0,3.0
5,1,NIÑOS HEROES,3.0,3.0
5,1,MÉXICO,3.0,4.0
5,1,RUBEN DARIO,3.0,3.0
5,1,GUADALUPE,4.0,3.0
5,1,PATRIA,4.0,4.0
5,1,PABLO NERUDA,3.0,4.0
5,1,FEDERALISMO,4.0,3.0
5,1,LOPEZ MATEOS,4.0,5.0
5,1,JUAREZ,3.0,4.0
5,1,AMERICAS,3.0,4.0
5,1,TERRANOVA,3.0,3.0
5,1,VALLARTA,4.0,4.0
5,1,ACUEDUCTO,4.0,4.0
5,1,CHAPULTEPEC,4.0,5.0
5,1,MARIANO OTERO,4.0,3.0
6,1,NIÑOS HEROES,4.0,4.0
6,1,MÉXICO,5.0,4.0
6,1,RUBEN DARIO,4.0,3.0
6,1,GUADALUPE,4.0,4.0
6,1,PATRIA,5.0,3.0
6,1,PABLO NERUDA,4.0,3.0
6,1,FEDERALISMO,4.0,4.0
6,1,LOPEZ MATEOS,5.0,4.0
6,1,JUAREZ,3.0,4.0
6,1,AMERICAS,5.0,4.0
6,1,TERRANOVA,4.0,3.0
6,1,VALLARTA,5.0,3.0
6,1,ACUEDUCTO,4.0,3.0
6,1,CHAPULTEPEC,5.0,4.0
6,1,MARIANO OTERO,3.0,3.0
7,1,NIÑOS HEROES,3.0,3.0
7,1,MÉXICO,4.0,3.0
7,1,RUBEN DARIO,3.0,3.0
7,1,GUADALUPE,4.0,4.0
7,1,PATRIA,3.0,3.0
7,1,PABLO NERUDA,3.0,3.0
7,1,FEDERALISMO,3.0,3.0
7,1,LOPEZ MATEOS,3.0,5.0
7,1,JUAREZ,4.0,2.0
7,1,AMERICAS,4.0,3.0
7,1,TERRANOVA,3.0,
7,1,VALLARTA,4.0,
7,1,ACUEDUCTO,3.0,2.0
7,1,CHAPULTEPEC,3.0,4.0
7,1,MARIANO OTERO,3.0,3.0
8,1,NIÑOS HEROES,4.0,4.0
8,1,MÉXICO,4.0,4.0
8,1,RUBEN DARIO,4.0,3.0
8,1,GUADALUPE,4.0,4.0
8,1,PATRIA,5.0,3.0
8,1,PABLO NERUDA,4.0,3.0
8,1,FEDERALISMO,4.0,4.0
8,1,LOPEZ MATEOS,5.0,4.0
8,1,JUAREZ,2.0,3.0
8,1,AMERICAS,5.0,4.0
8,1,TERRANOVA,3.0,3.0
8,1,VALLARTA,5.0,3.0
8,1,ACUEDUCTO,4.0,4.0
8,1,CHAPULTEPEC,5.0,4.0
8,1,MARIANO OTERO,3.0,3.0
9,1,NIÑOS HEROES,3.0,4.0
9,1,MÉXICO,4.0,3.0
9,1,RUBEN DARIO,4.0,4.0
9,1,GUADALUPE,5.0,4.0
9,1,PATRIA,4.0,3.0
9,1,PABLO NERUDA,4.0,4.0
9,1,FEDERALISMO,4.0,4.0
9,1,LOPEZ MATEOS,4.0,3.0
9,1,JUAREZ,3.0,4.0
9,1,AMERICAS,4.0,4.0
9,1,TERRANOVA,4.0,3.0
9,1,VALLARTA,5.0,4.0
9,1,ACUEDUCTO,4.0,4.0
9,1,CHAPULTEPEC,4.0,4.0
9,1,MARIANO OTERO,4.0,3.0
10,1,NIÑOS HEROES,4.0,3.0
10,1,MÉXICO,4.0,4.0
10,1,RUBEN DARIO,3.0,2.0
10,1,GUADALUPE,5.0,4.0
10,1,PATRIA,4.0,
10,1,PABLO NERUDA,4.0,2.0
10,1,FEDERALISMO,4.0,3.0
10,1,LOPEZ MATEOS,3.0,3.0
10,1,JUAREZ,4.0,3.0
10,1,AMERICAS,3.0,4.0
10,1,TERRANOVA,4.0,4.0
10,1,VALLARTA,4.0,4.0
10,1,ACUEDUCTO,3.0,2.0
10,1,CHAPULTEPEC,5.0,5.0
10,1,MARIANO OTERO,3.0,
11,1,NIÑOS HEROES,3.0,4.0
11,1,MÉXICO,4.0,3.0
11,1,RUBEN DARIO,3.0,4.0
11,1,GUADALUPE,3.0,4.0
11,1,PATRIA,5.0,3.0
11,1,PABLO NERUDA,3.0,4.0
11,1,FEDERALISMO,3.0,4.0
11,1,LOPEZ MATEOS,3.0,3.0
11,1,JUAREZ,3.0,4.0
11,1,AMERICAS,4.0,4.0
11,1,TERRANOVA,3.0,4.0
11,1,VALLARTA,4.0,4.0
11,1,ACUEDUCTO,3.0,4.0
11,1,CHAPULTEPEC,5.0,4.0
11,1,MARIANO OTERO,3.0,3.0
12,1,NIÑOS HEROES,4.0,3.0
12,1,MÉXICO,4.0,3.0
12,1,RUBEN DARIO,3.0,2.0
12,1,GUADALUPE,5.0,5.0
12,1,PATRIA,4.0,3.0
12,1,PABLO NERUDA,,2.0
12,1,FEDERALISMO,5.0,5.0
12,1,LOPEZ MATEOS,5.0,5.0
12,1,JUAREZ,4.0,4.0
12,1,AMERICAS,2.0,3.0
12,1,TERRANOVA,3.0,2.0
12,1,VALLARTA,4.0,4.0
12,1,ACUEDUCTO,4.0,4.0
12,1,CHAPULTEPEC,4.0,5.0
12,1,MARIANO OTERO,5.0,5.0
13,1,NIÑOS HEROES,4.0,4.0
13,1,MÉXICO,5.0,4.0
13,1,RUBEN DARIO,4.0,3.0
13,1,GUADALUPE,4.0,4.0
13,1,PATRIA,5.0,3.0
13,1,PABLO NERUDA,4.0,3.0
13,1,FEDERALISMO,4.0,4.0
13,1,LOPEZ MATEOS,5.0,4.0
13,1,JUAREZ,3.0,4.0
13,1,AMERICAS,5.0,4.0
13,1,TERRANOVA,4.0,3.0
13,1,VALLARTA,5.0,3.0
13,1,ACUEDUCTO,4.0,3.0
13,1,CHAPULTEPEC,5.0,4.0
13,1,MARIANO OTERO,3.0,3.0
14,1,NIÑOS HEROES,3.0,3.0
14,1,MÉXICO,4.0,4.0
14,1,RUBEN DARIO,4.0,4.0
14,1,GUADALUPE,4.0,4.0
14,1,PATRIA,4.0,4.0
14,1,PABLO NERUDA,4.0,4.0
14,1,FEDERALISMO,3.0,3.0
14,1,LOPEZ MATEOS,4.0,4.0
14,1,JUAREZ,3.0,3.0
14,1,AMERICAS,4.0,3.0
14,1,TERRANOVA,5.0,4.0
14,1,VALLARTA,5.0,4.0
14,1,ACUEDUCTO,4.0,3.0
14,1,CHAPULTEPEC,5.0,4.0
14,1,MARIANO OTERO,3.0,3.0
15,1,NIÑOS HEROES,5.0,4.0
15,1,MÉXICO,5.0,3.0
15,1,RUBEN DARIO,3.0,3.0
15,1,GUADALUPE,5.0,4.0
15,1,PATRIA,5.0,5.0
15,1,PABLO NERUDA,3.0,3.0
15,1,FEDERALISMO,3.0,3.0
15,1,LOPEZ MATEOS,5.0,5.0
15,1,JUAREZ,5.0,5.0
15,1,AMERICAS,5.0,5.0
15,1,TERRANOVA,3.0,3.0
15,1,VALLARTA,5.0,4.0
15,1,ACUEDUCTO,3.0,3.0
15,1,CHAPULTEPEC,5.0,4.0
15,1,MARIANO OTERO,5.0,3.0
16,1,NIÑOS HEROES,3.0,3.0
16,1,MÉXICO,5.0,3.0
16,1,RUBEN DARIO,4.0,5.0
16,1,GUADALUPE,3.0,4.0
16,1,PATRIA,3.0,5.0
16,1,PABLO NERUDA,5.0,5.0
16,1,FEDERALISMO,2.0,2.0
16,1,LOPEZ MATEOS,3.0,3.0
16,1,JUAREZ,2.0,4.0
16,1,AMERICAS,5.0,5.0
16,1,TERRANOVA,4.0,4.0
16,1,VALLARTA,4.0,3.0
16,1,ACUEDUCTO,5.0,5.0
16,1,CHAPULTEPEC,4.0,5.0
16,1,MARIANO OTERO,3.0,3.0
17,1,NIÑOS HEROES,3.0,4.0
17,1,MÉXICO,4.0,4.0
17,1,RUBEN DARIO,,3.0
17,1,GUADALUPE,4.0,4.0
17,1,PATRIA,3.0,4.0
17,1,PABLO NERUDA,3.0,3.0
17,1,FEDERALISMO,2.0,4.0
17,1,LOPEZ MATEOS,3.0,4.0
17,1,JUAREZ,3.0,4.0
17,1,AMERICAS,3.0,4.0
17,1,TERRANOVA,3.0,3.0
17,1,VALLARTA,3.0,4.0
17,1,ACUEDUCTO,3.0,3.0
17,1,CHAPULTEPEC,4.0,4.0
17,1,MARIANO OTERO,3.0,4.0
18,1,NIÑOS HEROES,4.0,3.0
18,1,MÉXICO,5.0,3.0
18,1,RUBEN DARIO,4.0,5.0
18,1,GUADALUPE,3.0,4.0
18,1,PATRIA,4.0,5.0
18,1,PABLO NERUDA,5.0,5.0
18,1,FEDERALISMO,1.0,2.0
18,1,LOPEZ MATEOS,2.0,3.0
18,1,JUAREZ,1.0,4.0
18,1,AMERICAS,4.0,5.0
18,1,TERRANOVA,2.0,4.0
18,1,VALLARTA,4.0,3.0
18,1,ACUEDUCTO,5.0,5.0
18,1,CHAPULTEPEC,4.0,5.0
18,1,MARIANO OTERO,4.0,3.0
19,1,NIÑOS HEROES,4.0,4.0
19,1,MÉXICO,4.0,3.0
19,1,RUBEN DARIO,3.0,3.0
19,1,GUADALUPE,5.0,4.0
19,1,PATRIA,4.0,5.0
19,1,PABLO NERUDA,3.0,3.0
19,1,FEDERALISMO,2.0,3.0
19,1,LOPEZ MATEOS,4.0,5.0
19,1,JUAREZ,5.0,5.0
19,1,AMERICAS,4.0,5.0
19,1,TERRANOVA,2.0,3.0
19,1,VALLARTA,4.0,4.0
19,1,ACUEDUCTO,3.0,3.0
19,1,CHAPULTEPEC,4.0,4.0
19,1,MARIANO OTERO,4.0,3.0
20,1,NIÑOS HEROES,3.0,3.0
20,1,MÉXICO,3.0,4.0
20,1,RUBEN DARIO,4.0,3.0
20,1,GUADALUPE,4.0,5.0
20,1,PATRIA,4.0,4.0
20,1,PABLO NERUDA,4.0,3.0
20,1,FEDERALISMO,3.0,4.0
20,1,LOPEZ MATEOS,4.0,3.0
20,1,JUAREZ,3.0,2.0
20,1,AMERICAS,4.0,3.0
20,1,TERRANOVA,3.0,3.0
20,1,VALLARTA,2.0,4.0
20,1,ACUEDUCTO,4.0,5.0
20,1,CHAPULTEPEC,3.0,4.0
20,1,MARIANO OTERO,5.0,4.0
21,1,NIÑOS HEROES,5.0,4.0
21,1,MÉXICO,3.0,3.0
21,1,RUBEN DARIO,3.0,2.0
21,1,GUADALUPE,4.0,3.0
21,1,PATRIA,4.0,4.0
21,1,PABLO NERUDA,,
21,1,FEDERALISMO,3.0,3.0
21,1,LOPEZ MATEOS,2.0,4.0
21,1,JUAREZ,2.0,
21,1,AMERICAS,3.0,2.0
21,1,TERRANOVA,5.0,4.0
21,1,VALLARTA,5.0,3.0
21,1,ACUEDUCTO,,
21,1,CHAPULTEPEC,4.0,5.0
21,1,MARIANO OTERO,1.0,3.0
22,1,NIÑOS HEROES,3.0,3.0
22,1,MÉXICO,3.0,3.0
22,1,RUBEN DARIO,,
22,1,GUADALUPE,,
22,1,PATRIA,4.0,3.0
22,1,PABLO NERUDA,,
22,1,FEDERALISMO,3.0,4.0
22,1,LOPEZ MATEOS,3.0,4.0
22,1,JUAREZ,,
22,1,AMERICAS,,
22,1,TERRANOVA,,
22,1,VALLARTA,,
22,1,ACUEDUCTO,,
22,1,CHAPULTEPEC,5.0,4.0
22,1,MARIANO OTERO,4.0,4.0
23,1,NIÑOS HEROES,3.0,3.0
23,1,MÉXICO,4.0,4.0
23,1,RUBEN DARIO,4.0,3.0
23,1,GUADALUPE,4.0,4.0
23,1,PATRIA,4.0,4.0
23,1,PABLO NERUDA,3.0,4.0
23,1,FEDERALISMO,3.0,3.0
23,1,LOPEZ MATEOS,4.0,5.0
23,1,JUAREZ,3.0,3.0
23,1,AMERICAS,3.0,4.0
23,1,TERRANOVA,4.0,4.0
23,1,VALLARTA,5.0,3.0
23,1,ACUEDUCTO,5.0,4.0
23,1,CHAPULTEPEC,5.0,5.0
23,1,MARIANO OTERO,4.0,3.0
24,1,NIÑOS HEROES,3.0,3.0
24,1,MÉXICO,4.0,3.0
24,1,RUBEN DARIO,2.0,2.0
24,1,GUADALUPE,4.0,2.0
24,1,PATRIA,4.0,3.0
24,1,PABLO NERUDA,4.0,2.0
24,1,FEDERALISMO,2.0,2.0
24,1,LOPEZ MATEOS,3.0,2.0
24,1,JUAREZ,4.0,
24,1,AMERICAS,4.0,
24,1,TERRANOVA,3.0,3.0
24,1,VALLARTA,2.0,2.0
24,1,ACUEDUCTO,5.0,3.0
24,1,CHAPULTEPEC,5.0,4.0
24,1,MARIANO OTERO,2.0,2.0
0,2,TEPEYAC,4.0,3.0
0,2,INDEPENDENCIA,2.0,4.0
0,2,COLON,4.0,3.0
0,2,SERVIDOR PUBLICO,5.0,5.0
0,2,RIO NILO,4.0,3.0
0,2,SANTA MARGARITA,4.0,4.0
0,2,LAZARO CARDENAS,3.0,4.0
0,2,REVOLUCION,3.0,4.0
0,2,BASE AEREA,3.0,3.0
0,2,CRUZ DEL SUR,2.0,3.0
0,2,8 DE JULIO,4.0,4.0
0,2,RAFAEL SANZIO,4.0,4.0
0,2,ALCALDE,3.0,4.0
0,2,JUAN GIL PRECIADO,4.0,4.0
0,2,AVIACION,4.0,4.0
1,2,TEPEYAC,4.0,3.0
1,2,INDEPENDENCIA,,
1,2,COLON,,
1,2,SERVIDOR PUBLICO,3.0,3.0
1,2,RIO NILO,,
1,2,SANTA MARGARITA,4.0,4.0
1,2,LAZARO CARDENAS,,
1,2,REVOLUCION,,
1,2,BASE AEREA,3.0,3.0
1,2,CRUZ DEL SUR,,
1,2,8 DE JULIO,,
1,2,RAFAEL SANZIO,4.0,4.0
1,2,ALCALDE,3.0,3.0
1,2,JUAN GIL PRECIADO,3.0,3.0
1,2,AVIACION,3.0,3.0
2,2,TEPEYAC,4.0,3.0
2,2,INDEPENDENCIA,4.0,3.0
2,2,COLON,4.0,4.0
2,2,SERVIDOR PUBLICO,3.0,3.0
2,2,RIO NILO,4.0,4.0
2,2,SANTA MARGARITA,3.0,3.0
2,2,LAZARO CARDENAS,4.0,4.0
2,2,REVOLUCION,4.0,4.0
2,2,BASE AEREA,4.0,3.0
2,2,CRUZ DEL SUR,3.0,3.0
2,2,8 DE JULIO,4.0,4.0
2,2,RAFAEL SANZIO,5.0,3.0
2,2,ALCALDE,4.0,3.0
2,2,JUAN GIL PRECIADO,4.0,4.0
2,2,AVIACION,4.0,3.0
3,2,TEPEYAC,3.0,2.0
3,2,INDEPENDENCIA,3.0,3.0
3,2,COLON,3.0,4.0
3,2,SERVIDOR PUBLICO,4.0,4.0
3,2,RIO NILO,3.0,5.0
3,2,SANTA MARGARITA,4.0,4.0
3,2,LAZARO CARDENAS,3.0,3.0
3,2,REVOLUCION,2.0,3.0
3,2,BASE AEREA,2.0,3.0
3,2,CRUZ DEL SUR,2.0,3.0
3,2,8 DE JULIO,,5.0
3,2,RAFAEL SANZIO,4.0,3.0
3,2,ALCALDE,3.0,2.0
3,2,JUAN GIL PRECIADO,3.0,4.0
3,2,AVIACION,3.0,3.0
4,2,TEPEYAC,4.0,3.0
4,2,INDEPENDENCIA,3.0,3.0
4,2,COLON,4.0,
4,2,SERVIDOR PUBLICO,3.0,3.0
4,2,RIO NILO,,
4,2,SANTA MARGARITA,3.0,4.0
4,2,LAZARO CARDENAS,4.0,3.0
4,2,REVOLUCION,3.0,3.0
4,2,BASE AEREA,3.0,3.0
4,2,CRUZ DEL SUR,4.0,4.0
4,2,8 DE JULIO,4.0,4.0
4,2,RAFAEL SANZIO,4.0,3.0
4,2,ALCALDE,,
4,2,JUAN GIL PRECIADO,4.0,4.0
4,2,AVIACION,3.0,3.0
5,2,TEPEYAC,,
5,2,INDEPENDENCIA,4.0,4.0
5,2,COLON,4.0,4.0
5,2,SERVIDOR PUBLICO,3.0,3.0
5,2,RIO NILO,3.0,3.0
5,2,SANTA MARGARITA,1.0,2.0
5,2,LAZARO CARDENAS,3.0,5.0
5,2,REVOLUCION,4.0,4.0
5,2,BASE AEREA,2.0,2.0
5,2,CRUZ DEL SUR,3.0,3.0
5,2,8 DE JULIO,3.0,3.0
5,2,RAFAEL SANZIO,,
5,2,ALCALDE,4.0,4.0
5,2,JUAN GIL PRECIADO,,
5,2,AVIACION,2.0,2.0
6,2,TEPEYAC,3.0,2.0
6,2,INDEPENDENCIA,3.0,3.0
6,2,COLON,4.0,4.0
6,2,SERVIDOR PUBLICO,5.0,4.0
6,2,RIO NILO,4.0,3.0
6,2,SANTA MARGARITA,5.0,4.0
6,2,LAZARO CARDENAS,4.0,4.0
6,2,REVOLUCION,4.0,4.0
6,2,BASE AEREA,4.0,3.0
6,2,CRUZ DEL SUR,3.0,3.0
6,2,8 DE JULIO,4.0,3.0
6,2,RAFAEL SANZIO,5.0,4.0
6,2,ALCALDE,3.0,4.0
6,2,JUAN GIL PRECIADO,4.0,3.0
6,2,AVIACION,4.0,3.0
7,2,TEPEYAC,3.0,2.0
7,2,INDEPENDENCIA,4.0,4.0
7,2,COLON,3.0,4.0
7,2,SERVIDOR PUBLICO,4.0,5.0
7,2,RIO NILO,2.0,3.0
7,2,SANTA MARGARITA,5.0,5.0
7,2,LAZARO CARDENAS,4.0,3.0
7,2,REVOLUCION,4.0,4.0
7,2,BASE AEREA,3.0,4.0
7,2,CRUZ DEL SUR,,
7,2,8 DE JULIO,4.0,3.0
7,2,RAFAEL SANZIO,5.0,5.0
7,2,ALCALDE,4.0,3.0
7,2,JUAN GIL PRECIADO,3.0,4.0
7,2,AVIACION,5.0,4.0
8,2,TEPEYAC,3.0,
8,2,INDEPENDENCIA,3.0,3.0
8,2,COLON,1.0,4.0
8,2,SERVIDOR PUBLICO,4.0,4.0
8,2,RIO NILO,2.0,3.0
8,2,SANTA MARGARITA,4.0,4.0
8,2,LAZARO CARDENAS,3.0,3.0
8,2,REVOLUCION,3.0,3.0
8,2,BASE AEREA,2.0,2.0
8,2,CRUZ DEL SUR,,2.0
8,2,8 DE JULIO,3.0,3.0
8,2,RAFAEL SANZIO,4.0,4.0
8,2,ALCALDE,3.0,3.0
8,2,JUAN GIL PRECIADO,2.0,3.0
8,2,AVIACION,2.0,2.0
9,2,TEPEYAC,4.0,3.0
9,2,INDEPENDENCIA,3.0,3.0
9,2,COLON,4.0,3.0
9,2,SERVIDOR PUBLICO,4.0,3.0
9,2,RIO NILO,,
9,2,SANTA MARGARITA,3.0,4.0
9,2,LAZARO CARDENAS,4.0,3.0
9,2,REVOLUCION,3.0,3.0
9,2,BASE AEREA,3.0,3.0
9,2,CRUZ DEL SUR,4.0,4.0
9,2,8 DE JULIO,4.0,4.0
9,2,RAFAEL SANZIO,4.0,3.0
9,2,ALCALDE,2.0,2.0
9,2,JUAN GIL PRECIADO,3.0,4.0
9,2,AVIACION,3.0,3.0
10,2,TEPEYAC,2.0,3.0
10,2,INDEPENDENCIA,4.0,4.0
10,2,COLON,4.0,4.0
10,2,SERVIDOR PUBLICO,3.0,3.0
10,2,RIO NILO,3.0,3.0
10,2,SANTA MARGARITA,1.0,2.0
10,2,LAZARO CARDENAS,3.0,5.0
10,2,REVOLUCION,4.0,4.0
10,2,BASE AEREA,2.0,2.0
10,2,CRUZ DEL SUR,3.0,3.0
10,2,8 DE JULIO,3.0,3.0
10,2,RAFAEL SANZIO,3.0,3.0
10,2,ALCALDE,4.0,4.0
10,2,JUAN GIL PRECIADO,3.0,
10,2,AVIACION,2.0,2.0
11,2,TEPEYAC,4.0,3.0
11,2,INDEPENDENCIA,3.0,3.0
11,2,COLON,4.0,3.0
11,2,SERVIDOR PUBLICO,4.0,3.0
11,2,RIO NILO,2.0,2.0
11,2,SANTA MARGARITA,3.0,4.0
11,2,LAZARO CARDENAS,4.0,3.0
11,2,REVOLUCION,3.0,3.0
11,2,BASE AEREA,3.0,3.0
11,2,CRUZ DEL SUR,4.0,4.0
11,2,8 DE JULIO,4.0,4.0
11,2,RAFAEL SANZIO,4.0,3.0
11,2,ALCALDE,2.0,2.0
11,2,JUAN GIL PRECIADO,3.0,4.0
11,2,AVIACION,3.0,3.0
12,2,TEPEYAC,4.0,3.0
12,2,INDEPENDENCIA,4.0,3.0
12,2,COLON,4.0,4.0
12,2,SERVIDOR PUBLICO,3.0,3.0
12,2,RIO NILO,4.0,4.0
12,2,SANTA MARGARITA,3.0,3.0
12,2,LAZARO CARDENAS,4.0,4.0
12,2,REVOLUCION,4.0,4.0
12,2,BASE AEREA,4.0,3.0
12,2,CRUZ DEL SUR,3.0,3.0
12,2,8 DE JULIO,4.0,4.0
12,2,RAFAEL SANZIO,5.0,3.0
12,2,ALCALDE,4.0,3.0
12,2,JUAN GIL PRECIADO,4.0,4.0
12,2,AVIACION,4.0,3.0
13,2,TEPEYAC,4.0,3.0
13,2,INDEPENDENCIA,3.0,3.0
13,2,COLON,4.0,3.0
13,2,SERVIDOR PUBLICO,3.0,3.0
13,2,RIO NILO,3.0,3.0
13,2,SANTA MARGARITA,3.0,4.0
13,2,LAZARO CARDENAS,4.0,3.0
13,2,REVOLUCION,3.0,3.0
13,2,BASE AEREA,3.0,3.0
13,2,CRUZ DEL SUR,4.0,4.0
13,2,8 DE JULIO,4.0,4.0
13,2,RAFAEL SANZIO,4.0,3.0
13,2,ALCALDE,3.0,3.0
13,2,JUAN GIL PRECIADO,4.0,4.0
13,2,AVIACION,3.0,3.0
14,2,TEPEYAC,3.0,3.0
14,2,INDEPENDENCIA,4.0,2.0
14,2,COLON,3.0,
14,2,SERVIDOR PUBLICO,5.0,3.0
14,2,RIO NILO,4.0,3.0
14,2,SANTA MARGARITA,4.0,4.0
14,2,LAZARO CARDENAS,3.0,4.0
14,2,REVOLUCION,4.0,3.0
14,2,BASE AEREA,4.0,
14,2,CRUZ DEL SUR,3.0,
14,2,8 DE JULIO,2.0,3.0
14,2,RAFAEL SANZIO,3.0,4.0
14,2,ALCALDE,3.0,3.0
14,2,JUAN GIL PRECIADO,4.0,2.0
14,2,AVIACION,4.0,3.0
15,2,TEPEYAC,3.0,2.0
15,2,INDEPENDENCIA,4.0,2.0
15,2,COLON,2.0,3.0
15,2,SERVIDOR PUBLICO,5.0,3.0
15,2,RIO NILO,4.0,3.0
15,2,SANTA MARGARITA,4.0,3.0
15,2,LAZARO CARDENAS,3.0,4.0
15,2,REVOLUCION,4.0,3.0
15,2,BASE AEREA,3.0,2.0
15,2,CRUZ DEL SUR,,3.0
15,2,8 DE JULIO,3.0,3.0
15,2,RAFAEL SANZIO,5.0,3.0
15,2,ALCALDE,4.0,3.0
15,2,JUAN GIL PRECIADO,4.0,
15,2,AVIACION,4.0,3.0
16,2,TEPEYAC,3.0,3.0
16,2,INDEPENDENCIA,4.0,2.0
16,2,COLON,3.0,3.0
16,2,SERVIDOR PUBLICO,5.0,3.0
16,2,RIO NILO,4.0,3.0
16,2,SANTA MARGARITA,4.0,4.0
16,2,LAZARO CARDENAS,3.0,4.0
16,2,REVOLUCION,4.0,3.0
16,2,BASE AEREA,4.0,4.0
16,2,CRUZ DEL SUR,3.0,3.0
16,2,8 DE JULIO,1.0,3.0
16,2,RAFAEL SANZIO,3.0,4.0
16,2,ALCALDE,3.0,3.0
16,2,JUAN GIL PRECIADO,4.0,2.0
16,2,AVIACION,4.0,3.0
17,2,TEPEYAC,4.0,3.0
17,2,INDEPENDENCIA,2.0,3.0
17,2,COLON,3.0,3.0
17,2,SERVIDOR PUBLICO,3.0,3.0
17,2,RIO NILO,4.0,2.0
17,2,SANTA MARGARITA,4.0,3.0
17,2,LAZARO CARDENAS,3.0,3.0
17,2,REVOLUCION,2.0,3.0
17,2,BASE AEREA,3.0,3.0
17,2,CRUZ DEL SUR,2.0,2.0
17,2,8 DE JULIO,3.0,2.0
17,2,RAFAEL SANZIO,4.0,4.0
17,2,ALCALDE,3.0,2.0
17,2,JUAN GIL PRECIADO,4.0,3.0
17,2,AVIACION,3.0,3.0
18,2,TEPEYAC,4.0,3.0
18,2,INDEPENDENCIA,4.0,3.0
18,2,COLON,4.0,4.0
18,2,SERVIDOR PUBLICO,3.0,3.0
18,2,RIO NILO,4.0,4.0
18,2,SANTA MARGARITA,3.0,3.0
18,2,LAZARO CARDENAS,4.0,4.0
18,2,REVOLUCION,4.0,4.0
18,2,BASE AEREA,4.0,3.0
18,2,CRUZ DEL SUR,3.0,3.0
18,2,8 DE JULIO,4.0,4.0
18,2,RAFAEL SANZIO,5.0,4.0
18,2,ALCALDE,4.0,3.0
18,2,JUAN GIL PRECIADO,4.0,4.0
18,2,AVIACION,4.0,3.0
19,2,TEPEYAC,3.0,
19,2,INDEPENDENCIA,4.0,3.0
19,2,COLON,2.0,5.0
19,2,SERVIDOR PUBLICO,5.0,4.0
19,2,RIO NILO,3.0,4.0
19,2,SANTA MARGARITA,5.0,4.0
19,2,LAZARO CARDENAS,4.0,4.0
19,2,REVOLUCION,3.0,4.0
19,2,BASE AEREA,2.0,3.0
19,2,CRUZ DEL SUR,,
19,2,8 DE JULIO,3.0,5.0
19,2,RAFAEL SANZIO,5.0,4.0
19,2,ALCALDE,4.0,4.0
19,2,JUAN GIL PRECIADO,5.0,3.0
19,2,AVIACION,4.0,3.0
20,2,TEPEYAC,5.0,4.0
20,2,INDEPENDENCIA,2.0,5.0
20,2,COLON,3.0,5.0
20,2,SERVIDOR PUBLICO,3.0,3.0
20,2,RIO NILO,3.0,5.0
20,2,SANTA MARGARITA,5.0,4.0
20,2,LAZARO CARDENAS,3.0,5.0
20,2,REVOLUCION,3.0,5.0
20,2,BASE AEREA,5.0,4.0
20,2,CRUZ DEL SUR,3.0,3.0
20,2,8 DE JULIO,3.0,4.0
20,2,RAFAEL SANZIO,3.0,3.0
20,2,ALCALDE,2.0,5.0
20,2,JUAN GIL PRECIADO,3.0,3.0
20,2,AVIACION,5.0,4.0
21,2,TEPEYAC,4.0,4.0
21,2,INDEPENDENCIA,,
21,2,COLON,,
21,2,SERVIDOR PUBLICO,,
21,2,RIO NILO,,
21,2,SANTA MARGARITA,3.0,4.0
21,2,LAZARO CARDENAS,4.0,5.0
21,2,REVOLUCION,,
21,2,BASE AEREA,4.0,5.0
21,2,CRUZ DEL SUR,4.0,4.0
21,2,8 DE JULIO,,
21,2,RAFAEL SANZIO,5.0,4.0
21,2,ALCALDE,,
21,2,JUAN GIL PRECIADO,,
21,2,AVIACION,5.0,5.0
22,2,TEPEYAC,4.0,3.0
22,2,INDEPENDENCIA,3.0,4.0
22,2,COLON,1.0,
22,2,SERVIDOR PUBLICO,3.0,4.0
22,2,RIO NILO,1.0,
22,2,SANTA MARGARITA,,
22,2,LAZARO CARDENAS,4.0,3.0
22,2,REVOLUCION,2.0,4.0
22,2,BASE AEREA,2.0,3.0
22,2,CRUZ DEL SUR,4.0,3.0
22,2,8 DE JULIO,1.0,
22,2,RAFAEL SANZIO,4.0,4.0
22,2,ALCALDE,2.0,2.0
22,2,JUAN GIL PRECIADO,3.0,3.0
22,2,AVIACION,2.0,2.0
23,2,TEPEYAC,,
23,2,INDEPENDENCIA,3.0,5.0
23,2,COLON,,
23,2,SERVIDOR PUBLICO,5.0,4.0
23,2,RIO NILO,,
23,2,SANTA MARGARITA,4.0,5.0
23,2,LAZARO CARDENAS,,
23,2,REVOLUCION,,
23,2,BASE AEREA,3.0,4.0
23,2,CRUZ DEL SUR,,
23,2,8 DE JULIO,,
23,2,RAFAEL SANZIO,,
23,2,ALCALDE,4.0,5.0
23,2,JUAN GIL PRECIADO,5.0,4.0
23,2,AVIACION,3.0,5.0
24,2,TEPEYAC,,
24,2,INDEPENDENCIA,,
24,2,COLON,,
24,2,SERVIDOR PUBLICO,,
24,2,RIO NILO,,
24,2,SANTA MARGARITA,4.0,4.0
24,2,LAZARO CARDENAS,2.0,
24,2,REVOLUCION,,
24,2,BASE AEREA,3.0,2.0
24,2,CRUZ DEL SUR,,
24,2,8 DE JULIO,,
24,2,RAFAEL SANZIO,,
24,2,ALCALDE,,
24,2,JUAN GIL PRECIADO,,
24,2,AVIACION,4.0,4.0
